age,bmi,children,charges,sex_male,smoker_yes,region_northwest,region_southeast,region_southwest,KMeans_Cluster,MeanShift_Cluster
19,27.9,0,16884.924,False,True,False,False,True,2,0
18,33.77,1,1725.5523,True,False,False,True,False,0,0
28,33.0,3,4449.462,True,False,False,True,False,0,0
33,22.705,0,21984.47061,True,False,True,False,False,1,0
32,28.88,0,3866.8552,True,False,True,False,False,1,0
31,25.74,0,3756.6216,False,False,False,True,False,0,0
46,33.44,1,8240.5896,False,False,False,True,False,0,0
37,27.74,3,7281.5056,False,False,True,False,False,1,0
37,29.83,2,6406.4107,True,False,False,False,False,1,0
60,25.84,0,28923.13692,False,False,True,False,False,1,0
25,26.22,0,2721.3208,True,False,False,False,False,1,0
62,26.29,0,27808.7251,False,True,False,True,False,2,0
23,34.4,0,1826.843,True,False,False,False,True,1,0
56,39.82,0,11090.7178,False,False,False,True,False,0,0
27,42.13,0,39611.7577,True,True,False,True,False,2,0
19,24.6,1,1837.237,True,False,False,False,True,1,0
52,30.78,1,10797.3362,False,False,False,False,False,1,0
23,23.845,0,2395.17155,True,False,False,False,False,1,0
56,40.3,0,10602.385,True,False,False,False,True,1,0
30,35.3,0,36837.467,True,True,False,False,True,2,0
60,36.005,0,13228.84695,False,False,False,False,False,1,0
30,32.4,1,4149.736,False,False,False,False,True,1,0
18,34.1,0,1137.011,True,False,False,True,False,0,0
34,31.92,1,37701.8768,False,True,False,False,False,2,0
37,28.025,2,6203.90175,True,False,True,False,False,1,0
59,27.72,3,14001.1338,False,False,False,True,False,0,0
63,23.085,0,14451.83515,False,False,False,False,False,1,0
55,32.775,2,12268.63225,False,False,True,False,False,1,0
23,17.385,1,2775.19215,True,False,True,False,False,1,0
31,36.3,2,38711.0,True,True,False,False,True,2,0
22,35.6,0,35585.576,True,True,False,False,True,2,0
18,26.315,0,2198.18985,False,False,False,False,False,1,0
19,28.6,5,4687.797,False,False,False,False,True,1,0
63,28.31,0,13770.0979,True,False,True,False,False,1,0
28,36.4,1,51194.55914,True,True,False,False,True,2,0
19,20.425,0,1625.43375,True,False,True,False,False,1,0
62,32.965,3,15612.19335,False,False,True,False,False,1,0
26,20.8,0,2302.3,True,False,False,False,True,1,0
35,36.67,1,39774.2763,True,True,False,False,False,2,0
60,39.9,0,48173.361,True,True,False,False,True,2,0
24,26.6,0,3046.062,False,False,False,False,False,1,0
31,36.63,2,4949.7587,False,False,False,True,False,0,0
41,21.78,1,6272.4772,True,False,False,True,False,0,0
37,30.8,2,6313.759,False,False,False,True,False,0,0
38,37.05,1,6079.6715,True,False,False,False,False,1,0
55,37.3,0,20630.28351,True,False,False,False,True,1,0
18,38.665,2,3393.35635,False,False,False,False,False,1,0
28,34.77,0,3556.9223,False,False,True,False,False,1,0
60,24.53,0,12629.8967,False,False,False,True,False,0,0
36,35.2,1,38709.176,True,True,False,True,False,2,0
18,35.625,0,2211.13075,False,False,False,False,False,1,0
21,33.63,2,3579.8287,False,False,True,False,False,1,0
48,28.0,1,23568.272,True,True,False,False,True,2,0
36,34.43,0,37742.5757,True,True,False,True,False,2,0
40,28.69,3,8059.6791,False,False,True,False,False,1,0
58,36.955,2,47496.49445,True,True,True,False,False,2,0
58,31.825,2,13607.36875,False,False,False,False,False,1,0
18,31.68,2,34303.1672,True,True,False,True,False,2,0
53,22.88,1,23244.7902,False,True,False,True,False,2,0
34,37.335,2,5989.52365,False,False,True,False,False,1,0
43,27.36,3,8606.2174,True,False,False,False,False,1,0
25,33.66,4,4504.6624,True,False,False,True,False,0,0
64,24.7,1,30166.61817,True,False,True,False,False,1,0
28,25.935,1,4133.64165,False,False,True,False,False,1,0
20,22.42,0,14711.7438,False,True,True,False,False,2,0
19,28.9,0,1743.214,False,False,False,False,True,1,0
61,39.1,2,14235.072,False,False,False,False,True,1,0
40,26.315,1,6389.37785,True,False,True,False,False,1,0
40,36.19,0,5920.1041,False,False,False,True,False,0,0
28,23.98,3,17663.1442,True,True,False,True,False,2,0
27,24.75,0,16577.7795,False,True,False,True,False,2,0
31,28.5,5,6799.458,True,False,False,False,False,1,0
53,28.1,3,11741.726,False,False,False,False,True,1,0
58,32.01,1,11946.6259,True,False,False,True,False,0,0
44,27.4,2,7726.854,True,False,False,False,True,1,0
57,34.01,0,11356.6609,True,False,True,False,False,1,0
29,29.59,1,3947.4131,False,False,False,True,False,0,0
21,35.53,0,1532.4697,True,False,False,True,False,0,0
22,39.805,0,2755.02095,False,False,False,False,False,1,0
41,32.965,0,6571.02435,False,False,True,False,False,1,0
31,26.885,1,4441.21315,True,False,False,False,False,1,0
45,38.285,0,7935.29115,False,False,False,False,False,1,0
22,37.62,1,37165.1638,True,True,False,True,False,2,0
48,41.23,4,11033.6617,False,False,True,False,False,1,0
37,34.8,2,39836.519,False,True,False,False,True,2,0
45,22.895,2,21098.55405,True,True,True,False,False,2,0
57,31.16,0,43578.9394,False,True,True,False,False,2,0
56,27.2,0,11073.176,False,False,False,False,True,1,0
46,27.74,0,8026.6666,False,False,True,False,False,1,0
55,26.98,0,11082.5772,False,False,True,False,False,1,0
21,39.49,0,2026.9741,False,False,False,True,False,0,0
53,24.795,1,10942.13205,False,False,True,False,False,1,0
59,29.83,3,30184.9367,True,True,False,False,False,2,0
35,34.77,2,5729.0053,True,False,True,False,False,1,0
64,31.3,2,47291.055,False,True,False,False,True,2,0
28,37.62,1,3766.8838,False,False,False,True,False,0,0
54,30.8,3,12105.32,False,False,False,False,True,1,0
55,38.28,0,10226.2842,True,False,False,True,False,0,0
56,19.95,0,22412.6485,True,True,False,False,False,2,0
38,19.3,0,15820.699,True,True,False,False,True,2,0
41,31.6,0,6186.127,False,False,False,False,True,1,0
30,25.46,0,3645.0894,True,False,False,False,False,1,0
18,30.115,0,21344.8467,False,False,False,False,False,1,0
61,29.92,3,30942.1918,False,True,False,True,False,2,0
34,27.5,1,5003.853,False,False,False,False,True,1,0
20,28.025,1,17560.37975,True,True,True,False,False,2,0
19,28.4,1,2331.519,False,False,False,False,True,1,0
26,30.875,2,3877.30425,True,False,True,False,False,1,0
29,27.94,0,2867.1196,True,False,False,True,False,0,0
63,35.09,0,47055.5321,True,True,False,True,False,2,0
54,33.63,1,10825.2537,True,False,True,False,False,1,0
55,29.7,2,11881.358,False,False,False,False,True,1,0
37,30.8,0,4646.759,True,False,False,False,True,1,0
21,35.72,0,2404.7338,False,False,True,False,False,1,0
52,32.205,3,11488.31695,True,False,False,False,False,1,0
60,28.595,0,30259.99556,True,False,False,False,False,1,0
58,49.06,0,11381.3254,True,False,False,True,False,0,0
29,27.94,1,19107.7796,False,True,False,True,False,2,0
49,27.17,0,8601.3293,False,False,False,True,False,0,0
37,23.37,2,6686.4313,False,False,True,False,False,1,0
44,37.1,2,7740.337,True,False,False,False,True,1,0
18,23.75,0,1705.6245,True,False,False,False,False,1,0
20,28.975,0,2257.47525,False,False,True,False,False,1,0
44,31.35,1,39556.4945,True,True,False,False,False,2,0
47,33.915,3,10115.00885,False,False,True,False,False,1,0
26,28.785,0,3385.39915,False,False,False,False,False,1,0
19,28.3,0,17081.08,False,True,False,False,True,2,0
52,37.4,0,9634.538,False,False,False,False,True,1,0
32,17.765,2,32734.1863,False,True,True,False,False,2,0
38,34.7,2,6082.405,True,False,False,False,True,1,0
59,26.505,0,12815.44495,False,False,False,False,False,1,0
61,22.04,0,13616.3586,False,False,False,False,False,1,0
53,35.9,2,11163.568,False,False,False,False,True,1,0
19,25.555,0,1632.56445,True,False,True,False,False,1,0
20,28.785,0,2457.21115,False,False,False,False,False,1,0
22,28.05,0,2155.6815,False,False,False,True,False,0,0
19,34.1,0,1261.442,True,False,False,False,True,1,0
22,25.175,0,2045.68525,True,False,True,False,False,1,0
54,31.9,3,27322.73386,False,False,False,True,False,0,0
22,36.0,0,2166.732,False,False,False,False,True,1,0
34,22.42,2,27375.90478,True,False,False,False,False,1,0
26,32.49,1,3490.5491,True,False,False,False,False,1,0
34,25.3,2,18972.495,True,True,False,True,False,2,0
29,29.735,2,18157.876,True,False,True,False,False,1,0
30,28.69,3,20745.9891,True,True,True,False,False,2,0
29,38.83,3,5138.2567,False,False,False,True,False,0,0
46,30.495,3,40720.55105,True,True,True,False,False,2,0
51,37.73,1,9877.6077,False,False,False,True,False,0,0
53,37.43,1,10959.6947,False,False,True,False,False,1,0
19,28.4,1,1842.519,True,False,False,False,True,1,0
35,24.13,1,5125.2157,True,False,True,False,False,1,0
48,29.7,0,7789.635,True,False,False,True,False,0,0
32,37.145,3,6334.34355,False,False,False,False,False,1,0
42,23.37,0,19964.7463,False,True,False,False,False,2,0
40,25.46,1,7077.1894,False,False,False,False,False,1,0
44,39.52,0,6948.7008,True,False,True,False,False,1,0
48,24.42,0,21223.6758,True,True,False,True,False,2,0
18,25.175,0,15518.18025,True,True,False,False,False,2,0
30,35.53,0,36950.2567,True,True,False,True,False,2,0
50,27.83,3,19749.38338,False,False,False,True,False,0,0
42,26.6,0,21348.706,False,True,True,False,False,2,0
18,36.85,0,36149.4835,False,True,False,True,False,2,0
54,39.6,1,10450.552,True,False,False,False,True,1,0
32,29.8,2,5152.134,False,False,False,False,True,1,0
37,29.64,0,5028.1466,True,False,True,False,False,1,0
47,28.215,4,10407.08585,True,False,False,False,False,1,0
20,37.0,5,4830.63,False,False,False,False,True,1,0
32,33.155,3,6128.79745,False,False,True,False,False,1,0
19,31.825,1,2719.27975,False,False,True,False,False,1,0
27,18.905,3,4827.90495,True,False,False,False,False,1,0
63,41.47,0,13405.3903,True,False,False,True,False,0,0
49,30.3,0,8116.68,True,False,False,False,True,1,0
18,15.96,0,1694.7964,True,False,False,False,False,1,0
35,34.8,1,5246.047,False,False,False,False,True,1,0
24,33.345,0,2855.43755,False,False,True,False,False,1,0
63,37.7,0,48824.45,False,True,False,False,True,2,0
38,27.835,2,6455.86265,True,False,True,False,False,1,0
54,29.2,1,10436.096,True,False,False,False,True,1,0
46,28.9,2,8823.279,False,False,False,False,True,1,0
41,33.155,3,8538.28845,False,False,False,False,False,1,0
58,28.595,0,11735.87905,True,False,True,False,False,1,0
18,38.28,0,1631.8212,False,False,False,True,False,0,0
22,19.95,3,4005.4225,True,False,False,False,False,1,0
44,26.41,0,7419.4779,False,False,True,False,False,1,0
44,30.69,2,7731.4271,True,False,False,True,False,0,0
36,41.895,3,43753.33705,True,True,False,False,False,2,0
26,29.92,2,3981.9768,False,False,False,True,False,0,0
30,30.9,3,5325.651,False,False,False,False,True,1,0
41,32.2,1,6775.961,False,False,False,False,True,1,0
29,32.11,2,4922.9159,False,False,True,False,False,1,0
61,31.57,0,12557.6053,True,False,False,True,False,0,0
36,26.2,0,4883.866,False,False,False,False,True,1,0
25,25.74,0,2137.6536,True,False,False,True,False,0,0
56,26.6,1,12044.342,False,False,True,False,False,1,0
18,34.43,0,1137.4697,True,False,False,True,False,0,0
19,30.59,0,1639.5631,True,False,True,False,False,1,0
39,32.8,0,5649.715,False,False,False,False,True,1,0
45,28.6,2,8516.829,False,False,False,True,False,0,0
51,18.05,0,9644.2525,False,False,True,False,False,1,0
64,39.33,0,14901.5167,False,False,False,False,False,1,0
19,32.11,0,2130.6759,False,False,True,False,False,1,0
48,32.23,1,8871.1517,False,False,False,True,False,0,0
60,24.035,0,13012.20865,False,False,True,False,False,1,0
27,36.08,0,37133.8982,False,True,False,True,False,2,0
46,22.3,0,7147.105,True,False,False,False,True,1,0
28,28.88,1,4337.7352,False,False,False,False,False,1,0
59,26.4,0,11743.299,True,False,False,True,False,0,0
35,27.74,2,20984.0936,True,True,False,False,False,2,0
63,31.8,0,13880.949,False,False,False,False,True,1,0
40,41.23,1,6610.1097,True,False,False,False,False,1,0
20,33.0,1,1980.07,True,False,False,False,True,1,0
40,30.875,4,8162.71625,True,False,True,False,False,1,0
24,28.5,2,3537.703,True,False,True,False,False,1,0
34,26.73,1,5002.7827,False,False,False,True,False,0,0
45,30.9,2,8520.026,False,False,False,False,True,1,0
41,37.1,2,7371.772,False,False,False,False,True,1,0
53,26.6,0,10355.641,False,False,True,False,False,1,0
27,23.1,0,2483.736,True,False,False,True,False,0,0
26,29.92,1,3392.9768,False,False,False,True,False,0,0
24,23.21,0,25081.76784,False,False,False,True,False,0,0
34,33.7,1,5012.471,False,False,False,False,True,1,0
53,33.25,0,10564.8845,False,False,False,False,False,1,0
32,30.8,3,5253.524,True,False,False,False,True,1,0
19,34.8,0,34779.615,True,True,False,False,True,2,0
42,24.64,0,19515.5416,True,True,False,True,False,2,0
55,33.88,3,11987.1682,True,False,False,True,False,0,0
28,38.06,0,2689.4954,True,False,False,True,False,0,0
58,41.91,0,24227.33724,False,False,False,True,False,0,0
41,31.635,1,7358.17565,False,False,False,False,False,1,0
47,25.46,2,9225.2564,True,False,False,False,False,1,0
42,36.195,1,7443.64305,False,False,True,False,False,1,0
59,27.83,3,14001.2867,False,False,False,True,False,0,0
19,17.8,0,1727.785,False,False,False,False,True,1,0
59,27.5,1,12333.828,True,False,False,False,True,1,0
39,24.51,2,6710.1919,True,False,True,False,False,1,0
40,22.22,2,19444.2658,False,True,False,True,False,2,0
18,26.73,0,1615.7667,False,False,False,True,False,0,0
31,38.39,2,4463.2051,True,False,False,True,False,0,0
19,29.07,0,17352.6803,True,True,True,False,False,2,0
44,38.06,1,7152.6714,True,False,False,True,False,0,0
23,36.67,2,38511.6283,False,True,False,False,False,2,0
33,22.135,1,5354.07465,False,False,False,False,False,1,0
55,26.8,1,35160.13457,False,False,False,False,True,1,0
40,35.3,3,7196.867,True,False,False,False,True,1,0
63,27.74,0,29523.1656,False,True,False,False,False,2,0
54,30.02,0,24476.47851,True,False,True,False,False,1,0
60,38.06,0,12648.7034,False,False,False,True,False,0,0
24,35.86,0,1986.9334,True,False,False,True,False,0,0
19,20.9,1,1832.094,True,False,False,False,True,1,0
29,28.975,1,4040.55825,True,False,False,False,False,1,0
18,17.29,2,12829.4551,True,True,False,False,False,2,0
63,32.2,2,47305.305,False,True,False,False,True,2,0
54,34.21,2,44260.7499,True,True,False,True,False,2,0
27,30.3,3,4260.744,True,False,False,False,True,1,0
50,31.825,0,41097.16175,True,True,False,False,False,2,0
55,25.365,3,13047.33235,False,False,False,False,False,1,0
56,33.63,0,43921.1837,True,True,True,False,False,2,0
38,40.15,0,5400.9805,False,False,False,True,False,0,0
51,24.415,4,11520.09985,True,False,True,False,False,1,0
19,31.92,0,33750.2918,True,True,True,False,False,2,0
58,25.2,0,11837.16,False,False,False,False,True,1,0
20,26.84,1,17085.2676,False,True,False,True,False,2,0
52,24.32,3,24869.8368,True,True,False,False,False,2,0
19,36.955,0,36219.40545,True,True,True,False,False,2,0
53,38.06,3,20462.99766,False,False,False,True,False,0,0
46,42.35,3,46151.1245,True,True,False,True,False,2,0
40,19.8,1,17179.522,True,True,False,True,False,2,0
59,32.395,3,14590.63205,False,False,False,False,False,1,0
45,30.2,1,7441.053,True,False,False,False,True,1,0
49,25.84,1,9282.4806,True,False,False,False,False,1,0
18,29.37,1,1719.4363,True,False,False,True,False,0,0
50,34.2,2,42856.838,True,True,False,False,True,2,0
41,37.05,2,7265.7025,True,False,True,False,False,1,0
50,27.455,1,9617.66245,True,False,False,False,False,1,0
25,27.55,0,2523.1695,True,False,True,False,False,1,0
47,26.6,2,9715.841,False,False,False,False,False,1,0
19,20.615,2,2803.69785,True,False,True,False,False,1,0
22,24.3,0,2150.469,False,False,False,False,True,1,0
59,31.79,2,12928.7911,True,False,False,True,False,0,0
51,21.56,1,9855.1314,False,False,False,True,False,0,0
40,28.12,1,22331.5668,False,True,False,False,False,2,0
54,40.565,3,48549.17835,True,True,False,False,False,2,0
30,27.645,1,4237.12655,True,False,False,False,False,1,0
55,32.395,1,11879.10405,False,False,False,False,False,1,0
52,31.2,0,9625.92,False,False,False,False,True,1,0
46,26.62,1,7742.1098,True,False,False,True,False,0,0
46,48.07,2,9432.9253,False,False,False,False,False,1,0
63,26.22,0,14256.1928,False,False,True,False,False,1,0
59,36.765,1,47896.79135,False,True,False,False,False,2,0
52,26.4,3,25992.82104,True,False,False,True,False,0,0
28,33.4,0,3172.018,False,False,False,False,True,1,0
29,29.64,1,20277.80751,True,False,False,False,False,1,0
25,45.54,2,42112.2356,True,True,False,True,False,2,0
22,28.82,0,2156.7518,False,False,False,True,False,0,0
25,26.8,3,3906.127,True,False,False,False,True,1,0
18,22.99,0,1704.5681,True,False,False,False,False,1,0
19,27.7,0,16297.846,True,True,False,False,True,2,0
47,25.41,1,21978.6769,True,True,False,True,False,2,0
31,34.39,3,38746.3551,True,True,True,False,False,2,0
48,28.88,1,9249.4952,False,False,True,False,False,1,0
36,27.55,3,6746.7425,True,False,False,False,False,1,0
53,22.61,3,24873.3849,False,True,False,False,False,2,0
56,37.51,2,12265.5069,False,False,False,True,False,0,0
28,33.0,2,4349.462,False,False,False,True,False,0,0
57,38.0,2,12646.207,False,False,False,False,True,1,0
29,33.345,2,19442.3535,True,False,True,False,False,1,0
28,27.5,2,20177.67113,False,False,False,False,True,1,0
30,33.33,1,4151.0287,False,False,False,True,False,0,0
58,34.865,0,11944.59435,True,False,False,False,False,1,0
41,33.06,2,7749.1564,False,False,True,False,False,1,0
50,26.6,0,8444.474,True,False,False,False,True,1,0
19,24.7,0,1737.376,False,False,False,False,True,1,0
43,35.97,3,42124.5153,True,True,False,True,False,2,0
49,35.86,0,8124.4084,True,False,False,True,False,0,0
27,31.4,0,34838.873,False,True,False,False,True,2,0
52,33.25,0,9722.7695,True,False,False,False,False,1,0
50,32.205,0,8835.26495,True,False,True,False,False,1,0
54,32.775,0,10435.06525,True,False,False,False,False,1,0
44,27.645,0,7421.19455,False,False,True,False,False,1,0
32,37.335,1,4667.60765,True,False,False,False,False,1,0
34,25.27,1,4894.7533,True,False,True,False,False,1,0
26,29.64,4,24671.66334,False,False,False,False,False,1,0
34,30.8,0,35491.64,True,True,False,False,True,2,0
57,40.945,0,11566.30055,True,False,False,False,False,1,0
29,27.2,0,2866.091,True,False,False,False,True,1,0
40,34.105,1,6600.20595,True,False,False,False,False,1,0
27,23.21,1,3561.8889,False,False,False,True,False,0,0
45,36.48,2,42760.5022,True,True,True,False,False,2,0
64,33.8,1,47928.03,False,True,False,False,True,2,0
52,36.7,0,9144.565,True,False,False,False,True,1,0
61,36.385,1,48517.56315,False,True,False,False,False,2,0
52,27.36,0,24393.6224,True,True,True,False,False,2,0
61,31.16,0,13429.0354,False,False,True,False,False,1,0
56,28.785,0,11658.37915,False,False,False,False,False,1,0
43,35.72,2,19144.57652,False,False,False,False,False,1,0
64,34.5,0,13822.803,True,False,False,False,True,1,0
60,25.74,0,12142.5786,True,False,False,True,False,0,0
62,27.55,1,13937.6665,True,False,True,False,False,1,0
50,32.3,1,41919.097,True,True,False,False,False,2,0
46,27.72,1,8232.6388,False,False,False,True,False,0,0
24,27.6,0,18955.22017,False,False,False,False,True,1,0
62,30.02,0,13352.0998,True,False,True,False,False,1,0
60,27.55,0,13217.0945,False,False,False,False,False,1,0
63,36.765,0,13981.85035,True,False,False,False,False,1,0
49,41.47,4,10977.2063,False,False,False,True,False,0,0
34,29.26,3,6184.2994,False,False,False,True,False,0,0
33,35.75,2,4889.9995,True,False,False,True,False,0,0
46,33.345,1,8334.45755,True,False,False,False,False,1,0
36,29.92,1,5478.0368,False,False,False,True,False,0,0
19,27.835,0,1635.73365,True,False,True,False,False,1,0
57,23.18,0,11830.6072,False,False,True,False,False,1,0
50,25.6,0,8932.084,False,False,False,False,True,1,0
30,27.7,0,3554.203,False,False,False,False,True,1,0
33,35.245,0,12404.8791,True,False,False,False,False,1,0
18,38.28,0,14133.03775,False,False,False,True,False,0,0
46,27.6,0,24603.04837,True,False,False,False,True,1,0
46,43.89,3,8944.1151,True,False,False,True,False,0,0
47,29.83,3,9620.3307,True,False,True,False,False,1,0
23,41.91,0,1837.2819,True,False,False,True,False,0,0
18,20.79,0,1607.5101,False,False,False,True,False,0,0
48,32.3,2,10043.249,False,False,False,False,False,1,0
35,30.5,1,4751.07,True,False,False,False,True,1,0
19,21.7,0,13844.506,False,True,False,False,True,2,0
21,26.4,1,2597.779,False,False,False,False,True,1,0
21,21.89,2,3180.5101,False,False,False,True,False,0,0
49,30.78,1,9778.3472,False,False,False,False,False,1,0
56,32.3,3,13430.265,False,False,False,False,False,1,0
42,24.985,2,8017.06115,False,False,True,False,False,1,0
44,32.015,2,8116.26885,True,False,True,False,False,1,0
18,30.4,3,3481.868,True,False,False,False,False,1,0
61,21.09,0,13415.0381,False,False,True,False,False,1,0
57,22.23,0,12029.2867,False,False,False,False,False,1,0
42,33.155,1,7639.41745,False,False,False,False,False,1,0
26,32.9,2,36085.219,True,True,False,False,True,2,0
20,33.33,0,1391.5287,True,False,False,True,False,0,0
23,28.31,0,18033.9679,False,True,True,False,False,2,0
39,24.89,3,21659.9301,False,True,False,False,False,2,0
24,40.15,0,38126.2465,True,True,False,True,False,2,0
64,30.115,3,16455.70785,False,False,True,False,False,1,0
62,31.46,1,27000.98473,True,False,False,True,False,0,0
27,17.955,2,15006.57945,False,True,False,False,False,2,0
55,30.685,0,42303.69215,True,True,False,False,False,2,0
55,33.0,0,20781.48892,True,False,False,True,False,0,0
35,43.34,2,5846.9176,False,False,False,True,False,0,0
44,22.135,2,8302.53565,True,False,False,False,False,1,0
19,34.4,0,1261.859,True,False,False,False,True,1,0
58,39.05,0,11856.4115,False,False,False,True,False,0,0
50,25.365,2,30284.64294,True,False,True,False,False,1,0
26,22.61,0,3176.8159,False,False,True,False,False,1,0
24,30.21,3,4618.0799,False,False,True,False,False,1,0
48,35.625,4,10736.87075,True,False,False,False,False,1,0
19,37.43,0,2138.0707,False,False,True,False,False,1,0
48,31.445,1,8964.06055,True,False,False,False,False,1,0
49,31.35,1,9290.1395,True,False,False,False,False,1,0
46,32.3,2,9411.005,False,False,False,False,False,1,0
46,19.855,0,7526.70645,True,False,True,False,False,1,0
43,34.4,3,8522.003,False,False,False,False,True,1,0
21,31.02,0,16586.49771,True,False,False,True,False,0,0
64,25.6,2,14988.432,True,False,False,False,True,1,0
18,38.17,0,1631.6683,False,False,False,True,False,0,0
51,20.6,0,9264.797,False,False,False,False,True,1,0
47,47.52,1,8083.9198,True,False,False,True,False,0,0
64,32.965,0,14692.66935,False,False,True,False,False,1,0
49,32.3,3,10269.46,True,False,True,False,False,1,0
31,20.4,0,3260.199,True,False,False,False,True,1,0
52,38.38,2,11396.9002,False,False,False,False,False,1,0
33,24.31,0,4185.0979,False,False,False,True,False,0,0
47,23.6,1,8539.671,False,False,False,False,True,1,0
38,21.12,3,6652.5288,True,False,False,True,False,0,0
32,30.03,1,4074.4537,True,False,False,True,False,0,0
19,17.48,0,1621.3402,True,False,True,False,False,1,0
44,20.235,1,19594.80965,False,True,False,False,False,2,0
26,17.195,2,14455.64405,False,True,False,False,False,2,0
25,23.9,5,5080.096,True,False,False,False,True,1,0
19,35.15,0,2134.9015,False,False,True,False,False,1,0
43,35.64,1,7345.7266,False,False,False,True,False,0,0
52,34.1,0,9140.951,True,False,False,True,False,0,0
36,22.6,2,18608.262,False,True,False,False,True,2,0
64,39.16,1,14418.2804,True,False,False,True,False,0,0
63,26.98,0,28950.4692,False,True,True,False,False,2,0
64,33.88,0,46889.2612,True,True,False,True,False,2,0
61,35.86,0,46599.1084,True,True,False,True,False,2,0
40,32.775,1,39125.33225,True,True,False,False,False,2,0
25,30.59,0,2727.3951,True,False,False,False,False,1,0
48,30.2,2,8968.33,True,False,False,False,True,1,0
45,24.31,5,9788.8659,True,False,False,True,False,0,0
38,27.265,1,6555.07035,False,False,False,False,False,1,0
18,29.165,0,7323.734819,False,False,False,False,False,1,0
21,16.815,1,3167.45585,False,False,False,False,False,1,0
27,30.4,3,18804.7524,False,False,True,False,False,1,0
19,33.1,0,23082.95533,True,False,False,False,True,1,0
29,20.235,2,4906.40965,False,False,True,False,False,1,0
42,26.9,0,5969.723,True,False,False,False,True,1,0
60,30.5,0,12638.195,False,False,False,False,True,1,0
31,28.595,1,4243.59005,True,False,True,False,False,1,0
60,33.11,3,13919.8229,True,False,False,True,False,0,0
22,31.73,0,2254.7967,True,False,False,False,False,1,0
35,28.9,3,5926.846,True,False,False,False,True,1,0
52,46.75,5,12592.5345,False,False,False,True,False,0,0
26,29.45,0,2897.3235,True,False,False,False,False,1,0
31,32.68,1,4738.2682,False,False,True,False,False,1,0
33,33.5,0,37079.372,False,True,False,False,True,2,0
18,43.01,0,1149.3959,True,False,False,True,False,0,0
59,36.52,1,28287.89766,False,False,False,True,False,0,0
56,26.695,1,26109.32905,True,True,True,False,False,2,0
45,33.1,0,7345.084,False,False,False,False,True,1,0
60,29.64,0,12730.9996,True,False,False,False,False,1,0
56,25.65,0,11454.0215,False,False,True,False,False,1,0
40,29.6,0,5910.944,False,False,False,False,True,1,0
35,38.6,1,4762.329,True,False,False,False,True,1,0
39,29.6,4,7512.267,True,False,False,False,True,1,0
30,24.13,1,4032.2407,True,False,True,False,False,1,0
24,23.4,0,1969.614,True,False,False,False,True,1,0
20,29.735,0,1769.53165,True,False,True,False,False,1,0
32,46.53,2,4686.3887,True,False,False,True,False,0,0
59,37.4,0,21797.0004,True,False,False,False,True,1,0
55,30.14,2,11881.9696,False,False,False,True,False,0,0
57,30.495,0,11840.77505,False,False,True,False,False,1,0
56,39.6,0,10601.412,True,False,False,False,True,1,0
40,33.0,3,7682.67,False,False,False,True,False,0,0
49,36.63,3,10381.4787,False,False,False,True,False,0,0
42,30.0,0,22144.032,True,True,False,False,True,2,0
62,38.095,2,15230.32405,False,False,False,False,False,1,0
56,25.935,0,11165.41765,True,False,False,False,False,1,0
19,25.175,0,1632.03625,True,False,True,False,False,1,0
30,28.38,1,19521.9682,False,True,False,True,False,2,0
60,28.7,1,13224.693,False,False,False,False,True,1,0
56,33.82,2,12643.3778,False,False,True,False,False,1,0
28,24.32,1,23288.9284,False,False,False,False,False,1,0
18,24.09,1,2201.0971,False,False,False,True,False,0,0
27,32.67,0,2497.0383,True,False,False,True,False,0,0
18,30.115,0,2203.47185,False,False,False,False,False,1,0
19,29.8,0,1744.465,False,False,False,False,True,1,0
47,33.345,0,20878.78443,False,False,False,False,False,1,0
54,25.1,3,25382.297,True,True,False,False,True,2,0
61,28.31,1,28868.6639,True,True,True,False,False,2,0
24,28.5,0,35147.52848,True,True,False,False,False,2,0
25,35.625,0,2534.39375,True,False,True,False,False,1,0
21,36.85,0,1534.3045,True,False,False,True,False,0,0
23,32.56,0,1824.2854,True,False,False,True,False,0,0
63,41.325,3,15555.18875,True,False,True,False,False,1,0
49,37.51,2,9304.7019,True,False,False,True,False,0,0
18,31.35,0,1622.1885,False,False,False,True,False,0,0
51,39.5,1,9880.068,False,False,False,False,True,1,0
48,34.3,3,9563.029,True,False,False,False,True,1,0
31,31.065,0,4347.02335,False,False,False,False,False,1,0
54,21.47,3,12475.3513,False,False,True,False,False,1,0
19,28.7,0,1253.936,True,False,False,False,True,1,0
44,38.06,0,48885.13561,False,True,False,True,False,2,0
53,31.16,1,10461.9794,True,False,True,False,False,1,0
19,32.9,0,1748.774,False,False,False,False,True,1,0
61,25.08,0,24513.09126,False,False,False,True,False,0,0
18,25.08,0,2196.4732,False,False,False,False,False,1,0
61,43.4,0,12574.049,True,False,False,False,True,1,0
21,25.7,4,17942.106,True,True,False,False,True,2,0
20,27.93,0,1967.0227,True,False,False,False,False,1,0
31,23.6,2,4931.647,False,False,False,False,True,1,0
45,28.7,2,8027.968,True,False,False,False,True,1,0
44,23.98,2,8211.1002,False,False,False,True,False,0,0
62,39.2,0,13470.86,False,False,False,False,True,1,0
29,34.4,0,36197.699,True,True,False,False,True,2,0
43,26.03,0,6837.3687,True,False,False,False,False,1,0
51,23.21,1,22218.1149,True,True,False,True,False,2,0
19,30.25,0,32548.3405,True,True,False,True,False,2,0
38,28.93,1,5974.3847,False,False,False,True,False,0,0
37,30.875,3,6796.86325,True,False,True,False,False,1,0
22,31.35,1,2643.2685,True,False,True,False,False,1,0
21,23.75,2,3077.0955,True,False,True,False,False,1,0
24,25.27,0,3044.2133,False,False,False,False,False,1,0
57,28.7,0,11455.28,False,False,False,False,True,1,0
56,32.11,1,11763.0009,True,False,False,False,False,1,0
27,33.66,0,2498.4144,True,False,False,True,False,0,0
51,22.42,0,9361.3268,True,False,False,False,False,1,0
19,30.4,0,1256.299,True,False,False,False,True,1,0
39,28.3,1,21082.16,True,True,False,False,True,2,0
58,35.7,0,11362.755,True,False,False,False,True,1,0
20,35.31,1,27724.28875,True,False,False,True,False,0,0
45,30.495,2,8413.46305,True,False,True,False,False,1,0
35,31.0,1,5240.765,False,False,False,False,True,1,0
31,30.875,0,3857.75925,True,False,False,False,False,1,0
50,27.36,0,25656.57526,False,False,False,False,False,1,0
32,44.22,0,3994.1778,False,False,False,True,False,0,0
51,33.915,0,9866.30485,False,False,False,False,False,1,0
38,37.73,0,5397.6167,False,False,False,True,False,0,0
42,26.07,1,38245.59327,True,True,False,True,False,2,0
18,33.88,0,11482.63485,False,False,False,True,False,0,0
19,30.59,2,24059.68019,False,False,True,False,False,1,0
51,25.8,1,9861.025,False,False,False,False,True,1,0
46,39.425,1,8342.90875,True,False,False,False,False,1,0
18,25.46,0,1708.0014,True,False,False,False,False,1,0
57,42.13,1,48675.5177,True,True,False,True,False,2,0
62,31.73,0,14043.4767,False,False,False,False,False,1,0
59,29.7,2,12925.886,True,False,False,True,False,0,0
37,36.19,0,19214.70553,True,False,False,True,False,0,0
64,40.48,0,13831.1152,True,False,False,True,False,0,0
38,28.025,1,6067.12675,True,False,False,False,False,1,0
33,38.9,3,5972.378,False,False,False,False,True,1,0
46,30.2,2,8825.086,False,False,False,False,True,1,0
46,28.05,1,8233.0975,False,False,False,True,False,0,0
53,31.35,0,27346.04207,True,False,False,True,False,0,0
34,38.0,3,6196.448,False,False,False,False,True,1,0
20,31.79,2,3056.3881,False,False,False,True,False,0,0
63,36.3,0,13887.204,False,False,False,True,False,0,0
54,47.41,0,63770.42801,False,True,False,True,False,2,0
54,30.21,0,10231.4999,True,False,True,False,False,1,0
49,25.84,2,23807.2406,True,True,True,False,False,2,0
28,35.435,0,3268.84665,True,False,False,False,False,1,0
54,46.7,2,11538.421,False,False,False,False,True,1,0
25,28.595,0,3213.62205,False,False,False,False,False,1,0
43,46.2,0,45863.205,False,True,False,True,False,2,0
63,30.8,0,13390.559,True,False,False,False,True,1,0
32,28.93,0,3972.9247,False,False,False,True,False,0,0
62,21.4,0,12957.118,True,False,False,False,True,1,0
52,31.73,2,11187.6567,False,False,True,False,False,1,0
25,41.325,0,17878.90068,False,False,False,False,False,1,0
28,23.8,2,3847.674,True,False,False,False,True,1,0
46,33.44,1,8334.5896,True,False,False,False,False,1,0
34,34.21,0,3935.1799,True,False,False,True,False,0,0
35,34.105,3,39983.42595,False,True,True,False,False,2,0
19,35.53,0,1646.4297,True,False,True,False,False,1,0
46,19.95,2,9193.8385,False,False,True,False,False,1,0
54,32.68,0,10923.9332,False,False,False,False,False,1,0
27,30.5,0,2494.022,True,False,False,False,True,1,0
50,44.77,1,9058.7303,True,False,False,True,False,0,0
18,32.12,2,2801.2588,False,False,False,True,False,0,0
19,30.495,0,2128.43105,False,False,True,False,False,1,0
38,40.565,1,6373.55735,False,False,True,False,False,1,0
41,30.59,2,7256.7231,True,False,True,False,False,1,0
49,31.9,5,11552.904,False,False,False,False,True,1,0
48,40.565,2,45702.02235,True,True,True,False,False,2,0
31,29.1,0,3761.292,False,False,False,False,True,1,0
18,37.29,1,2219.4451,False,False,False,True,False,0,0
30,43.12,2,4753.6368,False,False,False,True,False,0,0
62,36.86,1,31620.00106,False,False,False,False,False,1,0
57,34.295,2,13224.05705,False,False,False,False,False,1,0
58,27.17,0,12222.8983,False,False,True,False,False,1,0
22,26.84,0,1664.9996,True,False,False,True,False,0,0
31,38.095,1,58571.07448,False,True,False,False,False,2,0
52,30.2,1,9724.53,True,False,False,False,True,1,0
25,23.465,0,3206.49135,False,False,False,False,False,1,0
59,25.46,1,12913.9924,True,False,False,False,False,1,0
19,30.59,0,1639.5631,True,False,True,False,False,1,0
39,45.43,2,6356.2707,True,False,False,True,False,0,0
32,23.65,1,17626.23951,False,False,False,True,False,0,0
19,20.7,0,1242.816,True,False,False,False,True,1,0
33,28.27,1,4779.6023,False,False,False,True,False,0,0
21,20.235,3,3861.20965,True,False,False,False,False,1,0
34,30.21,1,43943.8761,False,True,True,False,False,2,0
61,35.91,0,13635.6379,False,False,False,False,False,1,0
38,30.69,1,5976.8311,False,False,False,True,False,0,0
58,29.0,0,11842.442,False,False,False,False,True,1,0
47,19.57,1,8428.0693,True,False,True,False,False,1,0
20,31.13,2,2566.4707,True,False,False,True,False,0,0
21,21.85,1,15359.1045,False,True,False,False,False,2,0
41,40.26,0,5709.1644,True,False,False,True,False,0,0
46,33.725,1,8823.98575,False,False,False,False,False,1,0
42,29.48,2,7640.3092,False,False,False,True,False,0,0
34,33.25,1,5594.8455,False,False,False,False,False,1,0
43,32.6,2,7441.501,True,False,False,False,True,1,0
52,37.525,2,33471.97189,False,False,True,False,False,1,0
18,39.16,0,1633.0444,False,False,False,True,False,0,0
51,31.635,0,9174.13565,True,False,True,False,False,1,0
56,25.3,0,11070.535,False,False,False,False,True,1,0
64,39.05,3,16085.1275,False,False,False,True,False,0,0
19,28.31,0,17468.9839,False,True,True,False,False,2,0
51,34.1,0,9283.562,False,False,False,True,False,0,0
27,25.175,0,3558.62025,False,False,False,False,False,1,0
59,23.655,0,25678.77845,False,True,True,False,False,2,0
28,26.98,2,4435.0942,True,False,False,False,False,1,0
30,37.8,2,39241.442,True,True,False,False,True,2,0
47,29.37,1,8547.6913,False,False,False,True,False,0,0
38,34.8,2,6571.544,False,False,False,False,True,1,0
18,33.155,0,2207.69745,False,False,False,False,False,1,0
34,19.0,3,6753.038,False,False,False,False,False,1,0
20,33.0,0,1880.07,False,False,False,True,False,0,0
47,36.63,1,42969.8527,False,True,False,True,False,2,0
56,28.595,0,11658.11505,False,False,False,False,False,1,0
49,25.6,2,23306.547,True,True,False,False,True,2,0
19,33.11,0,34439.8559,False,True,False,True,False,2,0
55,37.1,0,10713.644,False,False,False,False,True,1,0
30,31.4,1,3659.346,True,False,False,False,True,1,0
37,34.1,4,40182.246,True,True,False,False,True,2,0
49,21.3,1,9182.17,False,False,False,False,True,1,0
18,33.535,0,34617.84065,True,True,False,False,False,2,0
59,28.785,0,12129.61415,True,False,True,False,False,1,0
29,26.03,0,3736.4647,False,False,True,False,False,1,0
36,28.88,3,6748.5912,True,False,False,False,False,1,0
33,42.46,1,11326.71487,True,False,False,True,False,0,0
58,38.0,0,11365.952,True,False,False,False,True,1,0
44,38.95,0,42983.4585,False,True,True,False,False,2,0
53,36.1,1,10085.846,True,False,False,False,True,1,0
24,29.3,0,1977.815,True,False,False,False,True,1,0
29,35.53,0,3366.6697,False,False,False,True,False,0,0
40,22.705,2,7173.35995,True,False,False,False,False,1,0
51,39.7,1,9391.346,True,False,False,False,True,1,0
64,38.19,0,14410.9321,True,False,False,False,False,1,0
19,24.51,1,2709.1119,False,False,True,False,False,1,0
35,38.095,2,24915.04626,False,False,False,False,False,1,0
39,26.41,0,20149.3229,True,True,False,False,False,2,0
56,33.66,4,12949.1554,True,False,False,True,False,0,0
33,42.4,5,6666.243,True,False,False,False,True,1,0
42,28.31,3,32787.45859,True,True,True,False,False,2,0
61,33.915,0,13143.86485,True,False,False,False,False,1,0
23,34.96,3,4466.6214,False,False,True,False,False,1,0
43,35.31,2,18806.14547,True,False,False,True,False,0,0
48,30.78,3,10141.1362,True,False,False,False,False,1,0
39,26.22,1,6123.5688,True,False,True,False,False,1,0
40,23.37,3,8252.2843,False,False,False,False,False,1,0
18,28.5,0,1712.227,True,False,False,False,False,1,0
58,32.965,0,12430.95335,False,False,False,False,False,1,0
49,42.68,2,9800.8882,False,False,False,True,False,0,0
53,39.6,1,10579.711,False,False,False,True,False,0,0
48,31.13,0,8280.6227,False,False,False,True,False,0,0
45,36.3,2,8527.532,False,False,False,True,False,0,0
59,35.2,0,12244.531,False,False,False,True,False,0,0
52,25.3,2,24667.419,False,True,False,True,False,2,0
26,42.4,1,3410.324,False,False,False,False,True,1,0
27,33.155,2,4058.71245,True,False,True,False,False,1,0
48,35.91,1,26392.26029,False,False,False,False,False,1,0
57,28.785,4,14394.39815,False,False,False,False,False,1,0
37,46.53,3,6435.6237,True,False,False,True,False,0,0
57,23.98,1,22192.43711,False,False,False,True,False,0,0
32,31.54,1,5148.5526,False,False,False,False,False,1,0
18,33.66,0,1136.3994,True,False,False,True,False,0,0
64,22.99,0,27037.9141,False,True,False,True,False,2,0
43,38.06,2,42560.4304,True,True,False,True,False,2,0
49,28.7,1,8703.456,True,False,False,False,True,1,0
40,32.775,2,40003.33225,False,True,True,False,False,2,0
62,32.015,0,45710.20785,True,True,False,False,False,2,0
40,29.81,1,6500.2359,False,False,False,True,False,0,0
30,31.57,3,4837.5823,True,False,False,True,False,0,0
29,31.16,0,3943.5954,False,False,False,False,False,1,0
36,29.7,0,4399.731,True,False,False,True,False,0,0
41,31.02,0,6185.3208,False,False,False,True,False,0,0
44,43.89,2,46200.9851,False,True,False,True,False,2,0
45,21.375,0,7222.78625,True,False,True,False,False,1,0
55,40.81,3,12485.8009,False,False,False,True,False,0,0
60,31.35,3,46130.5265,True,True,True,False,False,2,0
56,36.1,3,12363.547,True,False,False,False,True,1,0
49,23.18,2,10156.7832,False,False,True,False,False,1,0
21,17.4,1,2585.269,False,False,False,False,True,1,0
19,20.3,0,1242.26,True,False,False,False,True,1,0
39,35.3,2,40103.89,True,True,False,False,True,2,0
53,24.32,0,9863.4718,True,False,True,False,False,1,0
33,18.5,1,4766.022,False,False,False,False,True,1,0
53,26.41,2,11244.3769,True,False,False,False,False,1,0
42,26.125,2,7729.64575,True,False,False,False,False,1,0
40,41.69,0,5438.7491,True,False,False,True,False,0,0
47,24.1,1,26236.57997,False,False,False,False,True,1,0
27,31.13,1,34806.4677,True,True,False,True,False,2,0
21,27.36,0,2104.1134,True,False,False,False,False,1,0
47,36.2,1,8068.185,True,False,False,False,True,1,0
20,32.395,1,2362.22905,True,False,True,False,False,1,0
24,23.655,0,2352.96845,True,False,True,False,False,1,0
27,34.8,1,3577.999,False,False,False,False,True,1,0
26,40.185,0,3201.24515,False,False,True,False,False,1,0
53,32.3,2,29186.48236,False,False,False,False,False,1,0
41,35.75,1,40273.6455,True,True,False,True,False,2,0
56,33.725,0,10976.24575,True,False,True,False,False,1,0
23,39.27,2,3500.6123,False,False,False,True,False,0,0
21,34.87,0,2020.5523,False,False,False,True,False,0,0
50,44.745,0,9541.69555,False,False,False,False,False,1,0
53,41.47,0,9504.3103,True,False,False,True,False,0,0
34,26.41,1,5385.3379,False,False,True,False,False,1,0
47,29.545,1,8930.93455,False,False,True,False,False,1,0
33,32.9,2,5375.038,False,False,False,False,True,1,0
51,38.06,0,44400.4064,False,True,False,True,False,2,0
49,28.69,3,10264.4421,True,False,True,False,False,1,0
31,30.495,3,6113.23105,False,False,False,False,False,1,0
36,27.74,0,5469.0066,False,False,False,False,False,1,0
18,35.2,1,1727.54,True,False,False,True,False,0,0
50,23.54,2,10107.2206,False,False,False,True,False,0,0
43,30.685,2,8310.83915,False,False,True,False,False,1,0
20,40.47,0,1984.4533,True,False,False,False,False,1,0
24,22.6,0,2457.502,False,False,False,False,True,1,0
60,28.9,0,12146.971,True,False,False,False,True,1,0
49,22.61,1,9566.9909,False,False,True,False,False,1,0
60,24.32,1,13112.6048,True,False,True,False,False,1,0
51,36.67,2,10848.1343,False,False,True,False,False,1,0
58,33.44,0,12231.6136,False,False,True,False,False,1,0
51,40.66,0,9875.6804,False,False,False,False,False,1,0
53,36.6,3,11264.541,True,False,False,False,True,1,0
62,37.4,0,12979.358,True,False,False,False,True,1,0
19,35.4,0,1263.249,True,False,False,False,True,1,0
50,27.075,1,10106.13425,False,False,False,False,False,1,0
30,39.05,3,40932.4295,False,True,False,True,False,2,0
41,28.405,1,6664.68595,True,False,True,False,False,1,0
29,21.755,1,16657.71745,False,True,False,False,False,2,0
18,40.28,0,2217.6012,False,False,False,False,False,1,0
41,36.08,1,6781.3542,False,False,False,True,False,0,0
35,24.42,3,19361.9988,True,True,False,True,False,2,0
53,21.4,1,10065.413,True,False,False,False,True,1,0
24,30.1,3,4234.927,False,False,False,False,True,1,0
48,27.265,1,9447.25035,False,False,False,False,False,1,0
59,32.1,3,14007.222,False,False,False,False,True,1,0
49,34.77,1,9583.8933,False,False,True,False,False,1,0
37,38.39,0,40419.0191,False,True,False,True,False,2,0
26,23.7,2,3484.331,True,False,False,False,True,1,0
23,31.73,3,36189.1017,True,True,False,False,False,2,0
29,35.5,2,44585.45587,True,True,False,False,True,2,0
45,24.035,2,8604.48365,True,False,False,False,False,1,0
27,29.15,0,18246.4955,True,True,False,True,False,2,0
53,34.105,0,43254.41795,True,True,False,False,False,2,0
31,26.62,0,3757.8448,False,False,False,True,False,0,0
50,26.41,0,8827.2099,True,False,True,False,False,1,0
50,30.115,1,9910.35985,False,False,True,False,False,1,0
34,27.0,2,11737.84884,True,False,False,False,True,1,0
19,21.755,0,1627.28245,True,False,True,False,False,1,0
47,36.0,1,8556.907,False,False,False,False,True,1,0
28,30.875,0,3062.50825,True,False,True,False,False,1,0
37,26.4,0,19539.243,False,True,False,True,False,2,0
21,28.975,0,1906.35825,True,False,True,False,False,1,0
64,37.905,0,14210.53595,True,False,True,False,False,1,0
58,22.77,0,11833.7823,False,False,False,True,False,0,0
24,33.63,4,17128.42608,True,False,False,False,False,1,0
31,27.645,2,5031.26955,True,False,False,False,False,1,0
39,22.8,3,7985.815,False,False,False,False,False,1,0
47,27.83,0,23065.4207,False,True,False,True,False,2,0
30,37.43,3,5428.7277,True,False,False,False,False,1,0
18,38.17,0,36307.7983,True,True,False,True,False,2,0
22,34.58,2,3925.7582,False,False,False,False,False,1,0
23,35.2,1,2416.955,True,False,False,False,True,1,0
33,27.1,1,19040.876,True,True,False,False,True,2,0
27,26.03,0,3070.8087,True,False,False,False,False,1,0
45,25.175,2,9095.06825,False,False,False,False,False,1,0
57,31.825,0,11842.62375,False,False,True,False,False,1,0
47,32.3,1,8062.764,True,False,False,False,True,1,0
42,29.0,1,7050.642,False,False,False,False,True,1,0
64,39.7,0,14319.031,False,False,False,False,True,1,0
38,19.475,2,6933.24225,False,False,True,False,False,1,0
61,36.1,3,27941.28758,True,False,False,False,True,1,0
53,26.7,2,11150.78,False,False,False,False,True,1,0
44,36.48,0,12797.20962,False,False,False,False,False,1,0
19,28.88,0,17748.5062,False,True,True,False,False,2,0
41,34.2,2,7261.741,True,False,True,False,False,1,0
51,33.33,3,10560.4917,True,False,False,True,False,0,0
40,32.3,2,6986.697,True,False,True,False,False,1,0
45,39.805,0,7448.40395,True,False,False,False,False,1,0
35,34.32,3,5934.3798,True,False,False,True,False,0,0
53,28.88,0,9869.8102,True,False,True,False,False,1,0
30,24.4,3,18259.216,True,True,False,False,True,2,0
18,41.14,0,1146.7966,True,False,False,True,False,0,0
51,35.97,1,9386.1613,True,False,False,True,False,0,0
50,27.6,1,24520.264,False,True,False,False,True,2,0
31,29.26,1,4350.5144,False,False,False,True,False,0,0
35,27.7,3,6414.178,False,False,False,False,True,1,0
60,36.955,0,12741.16745,True,False,False,False,False,1,0
21,36.86,0,1917.3184,True,False,True,False,False,1,0
29,22.515,3,5209.57885,True,False,False,False,False,1,0
62,29.92,0,13457.9608,False,False,False,True,False,0,0
39,41.8,0,5662.225,False,False,False,True,False,0,0
19,27.6,0,1252.407,True,False,False,False,True,1,0
22,23.18,0,2731.9122,False,False,False,False,False,1,0
53,20.9,0,21195.818,True,True,False,True,False,2,0
39,31.92,2,7209.4918,False,False,True,False,False,1,0
27,28.5,0,18310.742,True,True,True,False,False,2,0
30,44.22,2,4266.1658,True,False,False,True,False,0,0
30,22.895,1,4719.52405,False,False,False,False,False,1,0
58,33.1,0,11848.141,False,False,False,False,True,1,0
33,24.795,0,17904.52705,True,True,False,False,False,2,0
42,26.18,1,7046.7222,False,False,False,True,False,0,0
64,35.97,0,14313.8463,False,False,False,True,False,0,0
21,22.3,1,2103.08,True,False,False,False,True,1,0
18,42.24,0,38792.6856,False,True,False,True,False,2,0
23,26.51,0,1815.8759,True,False,False,True,False,0,0
45,35.815,0,7731.85785,False,False,True,False,False,1,0
40,41.42,1,28476.73499,False,False,True,False,False,1,0
19,36.575,0,2136.88225,False,False,True,False,False,1,0
18,30.14,0,1131.5066,True,False,False,True,False,0,0
25,25.84,1,3309.7926,True,False,False,False,False,1,0
46,30.8,3,9414.92,False,False,False,False,True,1,0
33,42.94,3,6360.9936,False,False,True,False,False,1,0
54,21.01,2,11013.7119,True,False,False,True,False,0,0
28,22.515,2,4428.88785,True,False,False,False,False,1,0
36,34.43,2,5584.3057,True,False,False,True,False,0,0
20,31.46,0,1877.9294,False,False,False,True,False,0,0
24,24.225,0,2842.76075,False,False,True,False,False,1,0
23,37.1,3,3597.596,True,False,False,False,True,1,0
47,26.125,1,23401.30575,False,True,False,False,False,2,0
33,35.53,0,55135.40209,False,True,True,False,False,2,0
45,33.7,1,7445.918,True,False,False,False,True,1,0
26,17.67,0,2680.9493,True,False,True,False,False,1,0
18,31.13,0,1621.8827,False,False,False,True,False,0,0
44,29.81,2,8219.2039,False,False,False,True,False,0,0
60,24.32,0,12523.6048,True,False,True,False,False,1,0
64,31.825,2,16069.08475,False,False,False,False,False,1,0
56,31.79,2,43813.8661,True,True,False,True,False,2,0
36,28.025,1,20773.62775,True,True,False,False,False,2,0
41,30.78,3,39597.4072,True,True,False,False,False,2,0
39,21.85,1,6117.4945,True,False,True,False,False,1,0
63,33.1,0,13393.756,True,False,False,False,True,1,0
36,25.84,0,5266.3656,False,False,True,False,False,1,0
28,23.845,2,4719.73655,False,False,True,False,False,1,0
58,34.39,0,11743.9341,True,False,True,False,False,1,0
36,33.82,1,5377.4578,True,False,True,False,False,1,0
42,35.97,2,7160.3303,True,False,False,True,False,0,0
36,31.5,0,4402.233,True,False,False,False,True,1,0
56,28.31,0,11657.7189,False,False,False,False,False,1,0
35,23.465,2,6402.29135,False,False,False,False,False,1,0
59,31.35,0,12622.1795,False,False,True,False,False,1,0
21,31.1,0,1526.312,True,False,False,False,True,1,0
59,24.7,0,12323.936,True,False,False,False,False,1,0
23,32.78,2,36021.0112,False,True,False,True,False,2,0
57,29.81,0,27533.9129,False,True,False,True,False,2,0
53,30.495,0,10072.05505,True,False,False,False,False,1,0
60,32.45,0,45008.9555,False,True,False,True,False,2,0
51,34.2,1,9872.701,False,False,False,False,True,1,0
23,50.38,1,2438.0552,True,False,False,True,False,0,0
27,24.1,0,2974.126,False,False,False,False,True,1,0
55,32.775,0,10601.63225,True,False,True,False,False,1,0
37,30.78,0,37270.1512,False,True,False,False,False,2,0
61,32.3,2,14119.62,True,False,True,False,False,1,0
46,35.53,0,42111.6647,False,True,False,False,False,2,0
53,23.75,2,11729.6795,False,False,False,False,False,1,0
49,23.845,3,24106.91255,False,True,False,False,False,2,0
20,29.6,0,1875.344,False,False,False,False,True,1,0
48,33.11,0,40974.1649,False,True,False,True,False,2,0
25,24.13,0,15817.9857,True,True,True,False,False,2,0
25,32.23,1,18218.16139,False,False,False,True,False,0,0
57,28.1,0,10965.446,True,False,False,False,True,1,0
37,47.6,2,46113.511,False,True,False,False,True,2,0
38,28.0,3,7151.092,False,False,False,False,True,1,0
55,33.535,2,12269.68865,False,False,True,False,False,1,0
36,19.855,0,5458.04645,False,False,False,False,False,1,0
51,25.4,0,8782.469,True,False,False,False,True,1,0
40,29.9,2,6600.361,True,False,False,False,True,1,0
18,37.29,0,1141.4451,True,False,False,True,False,0,0
57,43.7,1,11576.13,True,False,False,False,True,1,0
61,23.655,0,13129.60345,True,False,False,False,False,1,0
25,24.3,3,4391.652,False,False,False,False,True,1,0
50,36.2,0,8457.818,True,False,False,False,True,1,0
26,29.48,1,3392.3652,False,False,False,True,False,0,0
42,24.86,0,5966.8874,True,False,False,True,False,0,0
43,30.1,1,6849.026,True,False,False,False,True,1,0
44,21.85,3,8891.1395,True,False,False,False,False,1,0
23,28.12,0,2690.1138,False,False,True,False,False,1,0
49,27.1,1,26140.3603,False,False,False,False,True,1,0
33,33.44,5,6653.7886,True,False,False,True,False,0,0
41,28.8,1,6282.235,True,False,False,False,True,1,0
37,29.5,2,6311.952,False,False,False,False,True,1,0
22,34.8,3,3443.064,True,False,False,False,True,1,0
23,27.36,1,2789.0574,True,False,True,False,False,1,0
21,22.135,0,2585.85065,False,False,False,False,False,1,0
51,37.05,3,46255.1125,False,True,False,False,False,2,0
25,26.695,4,4877.98105,True,False,True,False,False,1,0
32,28.93,1,19719.6947,True,True,False,True,False,2,0
57,28.975,0,27218.43725,True,True,False,False,False,2,0
36,30.02,0,5272.1758,False,False,True,False,False,1,0
22,39.5,0,1682.597,True,False,False,False,True,1,0
57,33.63,1,11945.1327,True,False,True,False,False,1,0
64,26.885,0,29330.98315,False,True,True,False,False,2,0
36,29.04,4,7243.8136,False,False,False,True,False,0,0
54,24.035,0,10422.91665,True,False,False,False,False,1,0
47,38.94,2,44202.6536,True,True,False,True,False,2,0
62,32.11,0,13555.0049,True,False,False,False,False,1,0
61,44.0,0,13063.883,False,False,False,False,True,1,0
43,20.045,2,19798.05455,False,True,False,False,False,2,0
19,25.555,1,2221.56445,True,False,True,False,False,1,0
18,40.26,0,1634.5734,False,False,False,True,False,0,0
19,22.515,0,2117.33885,False,False,True,False,False,1,0
49,22.515,0,8688.85885,True,False,False,False,False,1,0
60,40.92,0,48673.5588,True,True,False,True,False,2,0
26,27.265,3,4661.28635,True,False,False,False,False,1,0
49,36.85,0,8125.7845,True,False,False,True,False,0,0
60,35.1,0,12644.589,False,False,False,False,True,1,0
26,29.355,2,4564.19145,False,False,False,False,False,1,0
27,32.585,3,4846.92015,True,False,False,False,False,1,0
44,32.34,1,7633.7206,False,False,False,True,False,0,0
63,39.8,3,15170.069,True,False,False,False,True,1,0
32,24.6,0,17496.306,False,True,False,False,True,2,0
22,28.31,1,2639.0429,True,False,True,False,False,1,0
18,31.73,0,33732.6867,True,True,False,False,False,2,0
59,26.695,3,14382.70905,False,False,True,False,False,1,0
44,27.5,1,7626.993,False,False,False,False,True,1,0
33,24.605,2,5257.50795,True,False,True,False,False,1,0
24,33.99,0,2473.3341,False,False,False,True,False,0,0
43,26.885,0,21774.32215,False,True,True,False,False,2,0
45,22.895,0,35069.37452,True,True,False,False,False,2,0
61,28.2,0,13041.921,False,False,False,False,True,1,0
35,34.21,1,5245.2269,False,False,False,True,False,0,0
62,25.0,0,13451.122,False,False,False,False,True,1,0
62,33.2,0,13462.52,False,False,False,False,True,1,0
38,31.0,1,5488.262,True,False,False,False,True,1,0
34,35.815,0,4320.41085,True,False,True,False,False,1,0
43,23.2,0,6250.435,True,False,False,False,True,1,0
50,32.11,2,25333.33284,True,False,False,False,False,1,0
19,23.4,2,2913.569,False,False,False,False,True,1,0
57,20.1,1,12032.326,False,False,False,False,True,1,0
62,39.16,0,13470.8044,False,False,False,True,False,0,0
41,34.21,1,6289.7549,True,False,False,True,False,0,0
26,46.53,1,2927.0647,True,False,False,True,False,0,0
39,32.5,1,6238.298,False,False,False,False,True,1,0
46,25.8,5,10096.97,True,False,False,False,True,1,0
45,35.3,0,7348.142,False,False,False,False,True,1,0
32,37.18,2,4673.3922,True,False,False,True,False,0,0
59,27.5,0,12233.828,False,False,False,False,True,1,0
44,29.735,2,32108.66282,True,False,False,False,False,1,0
39,24.225,5,8965.79575,False,False,True,False,False,1,0
18,26.18,2,2304.0022,True,False,False,True,False,0,0
53,29.48,0,9487.6442,True,False,False,True,False,0,0
18,23.21,0,1121.8739,True,False,False,True,False,0,0
50,46.09,1,9549.5651,False,False,False,True,False,0,0
18,40.185,0,2217.46915,False,False,False,False,False,1,0
19,22.61,0,1628.4709,True,False,True,False,False,1,0
62,39.93,0,12982.8747,True,False,False,True,False,0,0
56,35.8,1,11674.13,False,False,False,False,True,1,0
42,35.8,2,7160.094,True,False,False,False,True,1,0
37,34.2,1,39047.285,True,True,False,False,False,2,0
42,31.255,0,6358.77645,True,False,True,False,False,1,0
25,29.7,3,19933.458,True,True,False,False,True,2,0
57,18.335,0,11534.87265,True,False,False,False,False,1,0
51,42.9,2,47462.894,True,True,False,True,False,2,0
30,28.405,1,4527.18295,False,False,True,False,False,1,0
44,30.2,2,38998.546,True,True,False,False,True,2,0
34,27.835,1,20009.63365,True,True,True,False,False,2,0
31,39.49,1,3875.7341,True,False,False,True,False,0,0
54,30.8,1,41999.52,True,True,False,True,False,2,0
24,26.79,1,12609.88702,True,False,True,False,False,1,0
43,34.96,1,41034.2214,True,True,False,False,False,2,0
48,36.67,1,28468.91901,True,False,True,False,False,1,0
19,39.615,1,2730.10785,False,False,True,False,False,1,0
29,25.9,0,3353.284,False,False,False,False,True,1,0
63,35.2,1,14474.675,False,False,False,True,False,0,0
46,24.795,3,9500.57305,True,False,False,False,False,1,0
52,36.765,2,26467.09737,True,False,True,False,False,1,0
35,27.1,1,4746.344,True,False,False,False,True,1,0
51,24.795,2,23967.38305,True,True,True,False,False,2,0
44,25.365,1,7518.02535,True,False,True,False,False,1,0
21,25.745,2,3279.86855,True,False,False,False,False,1,0
39,34.32,5,8596.8278,False,False,False,True,False,0,0
50,28.16,3,10702.6424,False,False,False,True,False,0,0
34,23.56,0,4992.3764,False,False,False,False,False,1,0
22,20.235,0,2527.81865,False,False,True,False,False,1,0
19,40.5,0,1759.338,False,False,False,False,True,1,0
26,35.42,0,2322.6218,True,False,False,True,False,0,0
29,22.895,0,16138.76205,True,True,False,False,False,2,0
48,40.15,0,7804.1605,True,False,False,True,False,0,0
26,29.15,1,2902.9065,True,False,False,True,False,0,0
45,39.995,3,9704.66805,False,False,False,False,False,1,0
36,29.92,0,4889.0368,False,False,False,True,False,0,0
54,25.46,1,25517.11363,True,False,False,False,False,1,0
34,21.375,0,4500.33925,True,False,False,False,False,1,0
31,25.9,3,19199.944,True,True,False,False,True,2,0
27,30.59,1,16796.41194,False,False,False,False,False,1,0
20,30.115,5,4915.05985,True,False,False,False,False,1,0
44,25.8,1,7624.63,False,False,False,False,True,1,0
43,30.115,3,8410.04685,True,False,True,False,False,1,0
45,27.645,1,28340.18885,False,False,True,False,False,1,0
34,34.675,0,4518.82625,True,False,False,False,False,1,0
24,20.52,0,14571.8908,False,True,False,False,False,2,0
26,19.8,1,3378.91,False,False,False,False,True,1,0
38,27.835,2,7144.86265,False,False,False,False,False,1,0
50,31.6,2,10118.424,False,False,False,False,True,1,0
38,28.27,1,5484.4673,True,False,False,True,False,0,0
27,20.045,3,16420.49455,False,True,True,False,False,2,0
39,23.275,3,7986.47525,False,False,False,False,False,1,0
39,34.1,3,7418.522,False,False,False,False,True,1,0
63,36.85,0,13887.9685,False,False,False,True,False,0,0
33,36.29,3,6551.7501,False,False,False,False,False,1,0